repeat,target,nominal_voltage_V,measured_port_V,u_V,measured_port_I_A,u_I_A,offpath_edge,offpath_drop_V,u_offpath_V
1,W,6,,,,,B-B1,,
1,W,3,,,,,B-B1,,
1,V,6,,,,,C-C1,,
1,U,3,,,,,B-B1,,
1,U,6,,,,,B-B1,,
1,V,3,,,,,C-C1,,
2,V,3,,,,,C-C1,,
2,U,3,,,,,B-B1,,
2,U,6,,,,,B-B1,,
2,V,6,,,,,C-C1,,
2,W,3,,,,,B-B1,,
2,W,6,,,,,B-B1,,
3,U,6,,,,,B-B1,,
3,U,3,,,,,B-B1,,
3,V,6,,,,,C-C1,,
3,W,6,,,,,B-B1,,
3,W,3,,,,,B-B1,,
3,V,3,,,,,C-C1,,
4,V,6,,,,,C-C1,,
4,U,3,,,,,B-B1,,
4,W,6,,,,,B-B1,,
4,V,3,,,,,C-C1,,
4,W,3,,,,,B-B1,,
4,U,6,,,,,B-B1,,
5,V,3,,,,,C-C1,,
5,U,3,,,,,B-B1,,
5,U,6,,,,,B-B1,,
5,V,6,,,,,C-C1,,
5,W,3,,,,,B-B1,,
5,W,6,,,,,B-B1,,
